Date Time, Monitor ID, Location ID, CO2(ppm), NO2(ppm), PM10(ppm), PM2.5(ppm)
21/07/2022 10:13,1,3, ,0.036,0.001,0.001
21/07/2022 10:14,1,3, ,0.034,0,0
21/07/2022 10:15,1,3, ,0.016,0.001,0.001
21/07/2022 10:16,1,3, ,0.015,0,0
21/07/2022 10:17,1,3, ,0.003,0,0
21/07/2022 10:18,1,3, ,0.011,0.001,0.001
21/07/2022 10:19,1,3, ,0,0.001,0
21/07/2022 10:20,1,3, ,0.013,0.001,0.001
21/07/2022 10:21,1,3, ,0.003,0.001,0
21/07/2022 10:22,1,3, ,0.002,0.001,0.001
21/07/2022 10:23,1,3, ,0.004,0,0
21/07/2022 10:24,1,3, ,0.004,0.001,0.001
21/07/2022 10:25,1,3, ,0,0,0
21/07/2022 10:26,1,3, ,0.001,0.001,0
21/07/2022 10:27,1,3, ,0.016,0.001,0.001
21/07/2022 10:28,1,3, ,0.005,0.003,0.001
21/07/2022 10:29,1,3, ,0.008,0.002,0.001
21/07/2022 10:30,1,3, ,0.01,0,0
21/07/2022 10:31,1,3, ,0.002,0,0
21/07/2022 10:32,1,3, ,0,0.001,0.001
21/07/2022 10:33,1,3, ,0.013,0.004,0.001
21/07/2022 10:34,1,3, ,0.005,0.002,0.001
21/07/2022 10:35,1,3, ,0.005,0.001,0
21/07/2022 10:36,1,3, ,0.024,0.003,0.001
21/07/2022 10:37,1,3, ,0.008,0,0
21/07/2022 10:38,1,3, ,0.004,0.001,0.001
21/07/2022 10:39,1,3, ,0.008,0.014,0.002
21/07/2022 10:40,1,3, ,0.002,0.001,0
21/07/2022 10:41,1,3, ,0.003,0.01,0.001
21/07/2022 10:42,1,3, ,0.009,0.001,0.001
21/07/2022 10:43,1,3, ,0.007,0.001,0.001
21/07/2022 10:44,1,3, ,0,0,0
21/07/2022 10:45,1,3, ,0.002,0.002,0.001
21/07/2022 10:46,1,3, ,0.001,0,0
21/07/2022 10:47,1,3, ,0.005,0.003,0.001
21/07/2022 10:48,1,3, ,0.008,0.002,0.001
21/07/2022 10:49,1,3, ,0.003,0,0
21/07/2022 10:50,1,3, ,0.006,0,0
21/07/2022 10:51,1,3, ,0.007,0.002,0.001
21/07/2022 10:52,1,3, ,0.008,0,0
21/07/2022 10:53,1,3, ,0.003,0.014,0.002
21/07/2022 10:54,1,3, ,0.009,0,0
21/07/2022 10:55,1,3, ,0.011,0.003,0.001
21/07/2022 10:56,1,3, ,0.007,0.002,0
21/07/2022 10:57,1,3, ,0.006,0.005,0.001
21/07/2022 10:58,1,3, ,0.001,0.001,0
21/07/2022 10:59,1,3, ,0.005,0.002,0.001
21/07/2022 11:00,1,3, ,0.003,0.003,0.001
21/07/2022 11:01,1,3, ,0.002,0,0
21/07/2022 11:02,1,3, ,0.016,0.003,0.001
21/07/2022 11:03,1,3, ,0.013,0.001,0.001
21/07/2022 11:04,1,3, ,0.008,0.001,0.001
21/07/2022 11:05,1,3, ,0.023,0.001,0.001
21/07/2022 11:06,1,3, ,0.012,0.001,0.001
21/07/2022 11:07,1,3, ,0.007,0.003,0.002
21/07/2022 11:08,1,3, ,0.014,0,0
21/07/2022 11:09,1,3, ,0.01,0.001,0.001
21/07/2022 11:10,1,3, ,0.012,0,0
21/07/2022 11:11,1,3, ,0.008,0.004,0.001
21/07/2022 11:12,1,3, ,0.011,0,0
21/07/2022 11:13,1,3, ,0.011,0.001,0.001
21/07/2022 11:14,1,3, ,0.009,0.001,0.001
21/07/2022 11:15,1,3, ,0.018,0,0
21/07/2022 11:16,1,3, ,0.013,0.001,0.001
21/07/2022 11:17,1,3, ,0.007,0.007,0.001
21/07/2022 11:18,1,3, ,0.016,0.001,0.001
21/07/2022 11:19,1,3, ,0.015,0.001,0
21/07/2022 11:20,1,3, ,0.007,0,0
21/07/2022 11:21,1,3, ,0.009,0,0
21/07/2022 11:22,1,3, ,0.012,0,0
21/07/2022 11:23,1,3, ,0.008,0.001,0.001
21/07/2022 11:24,1,3, ,0.015,0.004,0.001
21/07/2022 11:25,1,3, ,0.025,0.001,0.001
21/07/2022 11:26,1,3, ,0.014,0,0
21/07/2022 11:27,1,3, ,0.013,0,0
21/07/2022 11:28,1,3, ,0.012,0,0
21/07/2022 11:29,1,3, ,0.007,0,0
21/07/2022 11:30,1,3, ,0.009,0.001,0.001
21/07/2022 11:31,1,3, ,0.011,0.001,0.001
21/07/2022 11:32,1,3, ,0.009,0,0
21/07/2022 11:33,1,3, ,0.007,0,0
21/07/2022 11:34,1,3, ,0.01,0.001,0.001
21/07/2022 11:35,1,3, ,0.01,0,0
21/07/2022 11:36,1,3, ,0.02,0,0
21/07/2022 11:37,1,3, ,0.016,0.001,0.001
21/07/2022 11:38,1,3, ,0.021,0,0
21/07/2022 11:39,1,3, ,0.01,0,0
21/07/2022 11:40,1,3, ,0.016,0,0
21/07/2022 11:41,1,3, ,0.01,0.012,0.001
21/07/2022 11:42,1,3, ,0.017,0.002,0.001
21/07/2022 11:43,1,3, ,0.018,0.001,0.001
21/07/2022 11:44,1,3, ,0.026,0.004,0.001
21/07/2022 11:45,1,3, ,0.018,0.001,0.001
21/07/2022 11:46,1,3, ,0.013,0.001,0.001
21/07/2022 11:47,1,3, ,0.012,0.001,0
21/07/2022 11:48,1,3, ,0.009,0.003,0.001
21/07/2022 11:49,1,3, ,0.022,0.002,0.001
21/07/2022 11:50,1,3, ,0.018,0.001,0.001
21/07/2022 11:51,1,3, ,0.009,0.001,0
21/07/2022 11:52,1,3, ,0.024,0,0
21/07/2022 11:53,1,3, ,0.01,0.003,0.001
21/07/2022 11:54,1,3, ,0.013,0,0
21/07/2022 11:55,1,3, ,0.013,0,0
21/07/2022 11:56,1,3, ,0.017,0,0
21/07/2022 11:57,1,3, ,0.015,0,0
21/07/2022 11:58,1,3, ,0.01,0.002,0.001
21/07/2022 11:59,1,3, ,0.01,0,0
21/07/2022 12:00,1,3, ,0.011,0.001,0.001
21/07/2022 12:01,1,3, ,0.013,0.01,0
21/07/2022 12:02,1,3, ,0.021,0.002,0.001
21/07/2022 12:03,1,3, ,0.015,0,0
21/07/2022 12:04,1,3, ,0.023,0,0
21/07/2022 12:05,1,3, ,0.012,0,0
21/07/2022 12:06,1,3, ,0.009,0.003,0
21/07/2022 12:07,1,3, ,0.014,0.002,0.001
21/07/2022 12:08,1,3, ,0.012,0.001,0
21/07/2022 12:09,1,3, ,0.006,0.001,0.001
21/07/2022 12:10,1,3, ,0.012,0.002,0.001
21/07/2022 12:11,1,3, ,0.021,0.001,0
21/07/2022 12:12,1,3, ,0.016,0,0
21/07/2022 12:13,1,3, ,0.012,0.001,0.001
21/07/2022 12:14,1,3, ,0.014,0.003,0.002
21/07/2022 12:15,1,3, ,0.016,0.001,0.001
21/07/2022 12:16,1,3, ,0.007,0,0
21/07/2022 12:17,1,3, ,0.01,0.001,0.001
21/07/2022 12:18,1,3, ,0.021,0.004,0.001
21/07/2022 12:19,1,3, ,0.013,0.001,0.001
21/07/2022 12:20,1,3, ,0.017,0.001,0.001
21/07/2022 12:21,1,3, ,0.023,0.001,0.001
21/07/2022 12:22,1,3, ,0.017,0.005,0.001
21/07/2022 12:23,1,3, ,0.022,0,0
21/07/2022 12:24,1,3, ,0.024,0.011,0.001
21/07/2022 12:25,1,3, ,0.022,0,0
21/07/2022 12:26,1,3, ,0.009,0,0
21/07/2022 12:27,1,3, ,0.015,0.001,0
21/07/2022 12:28,1,3, ,0.019,0.009,0.001
21/07/2022 12:29,1,3, ,0.008,0.001,0.001
21/07/2022 12:30,1,3, ,0.012,0,0
21/07/2022 12:31,1,3, ,0.049,0.002,0.002
21/07/2022 12:32,1,3, ,0.013,0.001,0
21/07/2022 12:33,1,3, ,0.015,0.001,0.001
21/07/2022 12:34,1,3, ,0.016,0.04,0.004
21/07/2022 12:35,1,3, ,0.01,0.003,0.002
21/07/2022 12:36,1,3, ,0.008,0.001,0.001
21/07/2022 12:37,1,3, ,0.01,0.001,0.001
21/07/2022 12:38,1,3, ,0.01,0.009,0.002
21/07/2022 12:39,1,3, ,0.01,0.004,0.002
21/07/2022 12:40,1,3, ,0.007,0.002,0.001
21/07/2022 12:41,1,3, ,0.012,0.001,0.001
21/07/2022 12:42,1,3, ,0.01,0.003,0.001
21/07/2022 12:43,1,3, ,0.029,0,0
21/07/2022 12:44,1,3, ,0.01,0.002,0.001
21/07/2022 12:45,1,3, ,0.007,0.002,0.001
21/07/2022 12:46,1,3, ,0.012,0.001,0.001
21/07/2022 12:47,1,3, ,0.009,0.002,0.001
21/07/2022 12:48,1,3, ,0.01,0.013,0.002
21/07/2022 12:49,1,3, ,0.005,0.002,0.001
21/07/2022 12:50,1,3, ,0.01,0.007,0.001
21/07/2022 12:51,1,3, ,0.013,0.003,0.001
21/07/2022 12:52,1,3, ,0.009,0.003,0.001
21/07/2022 12:53,1,3, ,0.009,0.001,0.001
21/07/2022 12:54,1,3, ,0.009,0,0
21/07/2022 12:55,1,3, ,0.008,0,0
21/07/2022 12:56,1,3, ,0.005,0.002,0.001
21/07/2022 12:57,1,3, ,0.006,0.004,0.002
21/07/2022 12:58,1,3, ,0.006,0.001,0.001
21/07/2022 12:59,1,3, ,0.003,0.001,0.001
21/07/2022 13:00,1,3, ,0.004,0.002,0.001
21/07/2022 13:01,1,3, ,0.01,0.002,0.001
21/07/2022 13:02,1,3, ,0.007,0.002,0.001
21/07/2022 13:03,1,3, ,0.003,0.002,0.001
21/07/2022 13:04,1,3, ,0.005,0.002,0.001
21/07/2022 13:05,1,3, ,0.006,0.012,0.001
21/07/2022 13:06,1,3, ,0.011,0.001,0.001
21/07/2022 13:07,1,3, ,0.007,0.001,0.001
21/07/2022 13:08,1,3, ,0.009,0.003,0.001
21/07/2022 13:09,1,3, ,0.006,0.003,0.001
21/07/2022 13:10,1,3, ,0.006,0,0
21/07/2022 13:11,1,3, ,0.008,0.014,0.002
21/07/2022 13:12,1,3, ,0.008,0,0
21/07/2022 13:13,1,3, ,0.008,0.006,0.001
21/07/2022 13:14,1,3, ,0.01,0.001,0.001
21/07/2022 13:15,1,3, ,0.002,0,0
21/07/2022 13:16,1,3, ,0.02,0,0
21/07/2022 13:17,1,3, ,0.007,0.003,0.001
21/07/2022 13:18,1,3, ,0.009,0.001,0.001
21/07/2022 13:19,1,3, ,0.012,0.001,0.001
21/07/2022 13:20,1,3, ,0.001,0,0
21/07/2022 13:21,1,3, ,0.002,0.002,0.001
21/07/2022 13:22,1,3, ,0,0.001,0
21/07/2022 13:23,1,3, ,0.002,0.001,0.001
21/07/2022 13:24,1,3, ,0.01,0.008,0.002
21/07/2022 13:25,1,3, ,0.004,0.003,0.001
21/07/2022 13:26,1,3, ,0.001,0.003,0.001
21/07/2022 13:27,1,3, ,0,0.001,0.001
21/07/2022 13:28,1,3, ,0.001,0.002,0.001
21/07/2022 13:29,1,3, ,0,0,0
21/07/2022 13:30,1,3, ,0.002,0.001,0
21/07/2022 13:31,1,3, ,0.012,0,0
21/07/2022 13:32,1,3, ,0.008,0,0
21/07/2022 13:33,1,3, ,0.006,0,0
21/07/2022 13:34,1,3, ,0.011,0,0
21/07/2022 13:35,1,3, ,0.002,0.001,0
21/07/2022 13:36,1,3, ,0.004,0.001,0.001
21/07/2022 13:37,1,3, ,0.001,0,0
21/07/2022 13:38,1,3, ,0.003,0.01,0.002
21/07/2022 13:39,1,3, ,0.007,0,0
21/07/2022 13:40,1,3, ,0.003,0,0
21/07/2022 13:41,1,3, ,0.004,0,0
21/07/2022 13:42,1,3, ,0.003,0.004,0.001
21/07/2022 13:43,1,3, ,0,0.011,0.001
21/07/2022 13:44,1,3, ,0.004,0.001,0.001
21/07/2022 13:45,1,3, ,0.011,0,0
21/07/2022 13:46,1,3, ,0.009,0.002,0.001
21/07/2022 13:47,1,3, ,0.002,0.017,0.002
21/07/2022 13:48,1,3, ,0.005,0.001,0.001
21/07/2022 13:49,1,3, ,0.005,0.001,0
21/07/2022 13:50,1,3, ,0.004,0.004,0.001
21/07/2022 13:51,1,3, ,0.008,0.001,0.001
21/07/2022 13:52,1,3, ,0.011,0.002,0.001
21/07/2022 13:53,1,3, ,0.005,0.002,0.001
21/07/2022 13:54,1,3, ,0.006,0.002,0.001
21/07/2022 13:55,1,3, ,0.004,0,0
21/07/2022 13:56,1,3, ,0.003,0.002,0.001
21/07/2022 13:57,1,3, ,0.004,0.001,0.001
21/07/2022 13:58,1,3, ,0.006,0,0
21/07/2022 13:59,1,3, ,0.006,0.002,0.001
21/07/2022 14:00,1,3, ,0.002,0.001,0
21/07/2022 14:01,1,3, ,0,0.001,0.001
21/07/2022 14:02,1,3, ,0.007,0.006,0.002
21/07/2022 14:03,1,3, ,0.004,0.001,0.001
21/07/2022 14:04,1,3, ,0.011,0.001,0.001
21/07/2022 14:05,1,3, ,0.005,0.027,0.002
21/07/2022 14:06,1,3, ,0.008,0.001,0.001
21/07/2022 14:07,1,3, ,0.011,0.001,0.001
21/07/2022 14:08,1,3, ,0.013,0.001,0.001
21/07/2022 14:09,1,3, ,0.007,0.002,0.001
21/07/2022 14:10,1,3, ,0.003,0.001,0.001
21/07/2022 14:11,1,3, ,0.006,0.001,0
21/07/2022 14:12,1,3, ,0.007,0,0
21/07/2022 14:13,1,3, ,0.006,0.002,0.001
21/07/2022 14:14,1,3, ,0,0.002,0.001
21/07/2022 14:15,1,3, ,0.002,0.002,0.001
21/07/2022 14:16,1,3, ,0.002,0,0
21/07/2022 14:17,1,3, ,0,0,0
21/07/2022 14:18,1,3, ,0.002,0.001,0.001
21/07/2022 14:19,1,3, ,0.008,0.004,0.001
21/07/2022 14:20,1,3, ,0,0.007,0.002
21/07/2022 14:21,1,3, ,0,0.001,0.001
21/07/2022 14:22,1,3, ,0.001,0,0
21/07/2022 14:23,1,3, ,0.004,0.001,0.001
21/07/2022 14:24,1,3, ,0,0.004,0.001
21/07/2022 14:25,1,3, ,0,0.002,0.001
21/07/2022 14:26,1,3, ,0.004,0.004,0.001
21/07/2022 14:27,1,3, ,0,0.001,0.001
21/07/2022 14:28,1,3, ,0.003,0.001,0.001
21/07/2022 14:29,1,3, ,0.002,0.002,0.001
21/07/2022 14:30,1,3, ,0.003,0.014,0.001
21/07/2022 14:31,1,3, ,0.003,0.001,0.001
21/07/2022 14:32,1,3, ,0.003,0.001,0.001
21/07/2022 14:33,1,3, ,0,0.002,0.001
21/07/2022 14:34,1,3, ,0,0.001,0.001
21/07/2022 14:35,1,3, ,0,0.002,0.001
21/07/2022 14:36,1,3, ,0,0.002,0.001
21/07/2022 14:37,1,3, ,0.001,0.007,0.002
21/07/2022 14:38,1,3, ,0.01,0.001,0.001
21/07/2022 14:39,1,3, ,0.002,0.002,0.001
21/07/2022 14:40,1,3, ,0.004,0,0
21/07/2022 15:22,1,3, ,0, , 
21/07/2022 15:45,1,3, ,0, , 
21/07/2022 16:42,1,3, ,0,0.003,0.001
21/07/2022 16:43,1,3, ,0,0,0
21/07/2022 16:44,1,3, ,0,0,0
21/07/2022 16:45,1,3, ,0,0.001,0.001
21/07/2022 16:46,1,3, ,0,0.001,0.001
21/07/2022 16:47,1,3, ,0,0,0
21/07/2022 16:48,1,3, ,0,0.001,0
21/07/2022 16:49,1,3, ,0,0.001,0.001
21/07/2022 16:50,1,3, ,0,0,0
21/07/2022 16:51,1,3, ,0.001,0,0
21/07/2022 16:52,1,3, ,0.01,0.001,0.001
21/07/2022 16:53,1,3, ,0.003,0.002,0.001
21/07/2022 16:54,1,3, ,0.003,0,0
21/07/2022 16:55,1,3, ,0.013,0.001,0
21/07/2022 16:56,1,3, ,0.021,0.001,0.001
21/07/2022 16:57,1,3, ,0.017,0.001,0
21/07/2022 16:58,1,3, ,0.024,0.002,0.001
21/07/2022 16:59,1,3, ,0.02,0.001,0.001
21/07/2022 17:00,1,3, ,0.007,0.001,0
21/07/2022 17:01,1,3, ,0.026,0,0
21/07/2022 17:02,1,3, ,0.012,0.001,0.001
21/07/2022 17:03,1,3, ,0.017,0,0
21/07/2022 17:04,1,3, ,0.019,0.001,0.001
21/07/2022 17:05,1,3, ,0.011,0,0
21/07/2022 17:06,1,3, ,0.028,0.003,0.002
21/07/2022 17:07,1,3, ,0.019,0,0
21/07/2022 17:08,1,3, ,0.024,0.001,0
21/07/2022 17:09,1,3, ,0.029,0.005,0.001
21/07/2022 17:10,1,3, ,0.011,0.001,0.001
21/07/2022 17:11,1,3, ,0.012,0,0
21/07/2022 17:12,1,3, ,0.011,0,0
21/07/2022 17:13,1,3, ,0.042,0.007,0.002
21/07/2022 17:14,1,3, ,0.039,0.002,0.001
21/07/2022 17:15,1,3, ,0.035,0.006,0.001
21/07/2022 17:16,1,3, ,0.029,0,0
21/07/2022 17:17,1,3, ,0.024,0.003,0.002
21/07/2022 17:18,1,3, ,0.03,0.002,0.001
21/07/2022 17:19,1,3, ,0.02,0,0
21/07/2022 17:20,1,3, ,0.023,0.004,0.001
21/07/2022 17:21,1,3, ,0.031,0,0
21/07/2022 17:22,1,3, ,0.031,0.001,0.001
21/07/2022 17:23,1,3, ,0.026,0.004,0.001
21/07/2022 17:24,1,3, ,0.025,0.001,0.001
21/07/2022 17:25,1,3, ,0.025,0.007,0.001
21/07/2022 17:26,1,3, ,0.021,0.008,0.001
21/07/2022 17:27,1,3, ,0.024,0,0
21/07/2022 17:28,1,3, ,0.022,0.002,0.001
21/07/2022 17:29,1,3, ,0.024,0.001,0.001
21/07/2022 17:30,1,3, ,0.028,0.002,0.001
21/07/2022 17:31,1,3, ,0.024,0.002,0.001
21/07/2022 17:32,1,3, ,0.024,0.001,0.001
21/07/2022 17:33,1,3, ,0.024,0.003,0.001
21/07/2022 17:34,1,3, ,0.029,0,0
21/07/2022 17:35,1,3, ,0.035,0.003,0.001
21/07/2022 17:36,1,3, ,0.03,0.001,0.001
21/07/2022 17:37,1,3, ,0.026,0.002,0.001
21/07/2022 17:38,1,3, ,0.03,0.001,0
21/07/2022 17:39,1,3, ,0.034,0.002,0.001
21/07/2022 17:40,1,3, ,0.024,0.002,0.001
21/07/2022 17:41,1,3, ,0.037,0.008,0.001
21/07/2022 17:42,1,3, ,0.033,0,0
21/07/2022 17:43,1,3, ,0.028,0.009,0.002
21/07/2022 17:44,1,3, ,0.026,0.001,0.001
21/07/2022 17:45,1,3, ,0.03,0.006,0.001
21/07/2022 17:46,1,3, ,0.027,0.001,0.001
21/07/2022 17:47,1,3, ,0.025,0.019,0.001
21/07/2022 17:48,1,3, ,0.026,0.015,0.002
21/07/2022 17:49,1,3, ,0.024,0.004,0.001
21/07/2022 17:50,1,3, ,0.024,0.001,0.001
21/07/2022 17:51,1,3, ,0.026,0,0
21/07/2022 17:52,1,3, ,0.026,0.003,0
21/07/2022 17:53,1,3, ,0.026,0.003,0.001
21/07/2022 17:54,1,3, ,0.026,0,0
21/07/2022 17:55,1,3, ,0.023,0.005,0.001
21/07/2022 17:56,1,3, ,0.024,0.001,0.001
21/07/2022 17:57,1,3, ,0.021,0,0
21/07/2022 17:58,1,3, ,0.026,0,0
21/07/2022 17:59,1,3, ,0.024,0.001,0
21/07/2022 18:00,1,3, ,0.022,0.001,0.001
21/07/2022 18:01,1,3, ,0.023,0.001,0.001
21/07/2022 18:02,1,3, ,0.031,0.001,0.001
21/07/2022 18:03,1,3, ,0.022,0.001,0
21/07/2022 18:04,1,3, ,0.03,0.002,0.001
21/07/2022 18:05,1,3, ,0.024,0.001,0.001
21/07/2022 18:06,1,3, ,0.02,0,0
21/07/2022 18:07,1,3, ,0.033,0.003,0.002
21/07/2022 18:08,1,3, ,0.02,0,0
21/07/2022 18:09,1,3, ,0.021,0.002,0.001
21/07/2022 18:10,1,3, ,0.022,0,0
21/07/2022 18:11,1,3, ,0.024,0.001,0.001
21/07/2022 18:12,1,3, ,0.028,0,0
21/07/2022 18:13,1,3, ,0.023,0.001,0.001
21/07/2022 18:14,1,3, ,0.023,0.002,0.001
21/07/2022 18:15,1,3, ,0.017,0,0
21/07/2022 18:16,1,3, ,0.017,0.004,0.001
21/07/2022 18:17,1,3, ,0.018,0.001,0.001
21/07/2022 18:18,1,3, ,0.025,0.001,0
21/07/2022 18:19,1,3, ,0.021,0.002,0.001
21/07/2022 18:20,1,3, ,0.019,0.001,0.001
21/07/2022 18:21,1,3, ,0.016,0.001,0.001
21/07/2022 18:22,1,3, ,0.018,0.002,0.001
21/07/2022 18:23,1,3, ,0.011,0.001,0.001
21/07/2022 18:24,1,3, ,0.013,0.001,0
21/07/2022 18:25,1,3, ,0.012,0,0
21/07/2022 18:26,1,3, ,0.018,0,0
21/07/2022 18:27,1,3, ,0.017,0.001,0.001
21/07/2022 18:28,1,3, ,0.012,0.001,0.001
21/07/2022 18:29,1,3, ,0.017,0.003,0.001
21/07/2022 18:30,1,3, ,0.013,0.003,0.001
21/07/2022 18:31,1,3, ,0.018,0,0
21/07/2022 18:32,1,3, ,0.009,0.001,0.001
21/07/2022 18:33,1,3, ,0.007,0,0
21/07/2022 18:34,1,3, ,0.008,0.001,0
21/07/2022 18:35,1,3, ,0.006,0.005,0.001
21/07/2022 18:36,1,3, ,0.015,0.001,0
21/07/2022 18:37,1,3, ,0.011,0.001,0.001
21/07/2022 18:38,1,3, ,0.007,0.001,0.001
21/07/2022 18:39,1,3, ,0.008,0.004,0.001
21/07/2022 18:40,1,3, ,0.014,0,0
21/07/2022 18:41,1,3, ,0.006,0,0
21/07/2022 18:42,1,3, ,0.01,0.001,0
21/07/2022 18:43,1,3, ,0.006,0,0
21/07/2022 18:44,1,3, ,0.011,0.001,0.001
21/07/2022 18:45,1,3, ,0.013,0.002,0.001
21/07/2022 18:46,1,3, ,0.012,0.001,0.001
21/07/2022 18:47,1,3, ,0.008,0,0
21/07/2022 18:48,1,3, ,0.014,0.001,0.001
21/07/2022 19:15,1,3, ,0, , 
21/07/2022 19:16,1,3, ,0,0.001,0
21/07/2022 19:17,1,3, ,0,0,0
21/07/2022 19:18,1,3, ,0,0.002,0.002
21/07/2022 19:19,1,3, ,0,0.004,0.001
21/07/2022 19:20,1,3, ,0,0.001,0.001
21/07/2022 19:21,1,3, ,0,0.003,0.003
21/07/2022 19:22,1,3, ,0,0.003,0.003
21/07/2022 19:23,1,3, ,0,0.005,0.002
21/07/2022 19:24,1,3, ,0,0.002,0.002
21/07/2022 19:25,1,3, ,0,0.002,0.002
21/07/2022 19:26,1,3, ,0,0.001,0.001
21/07/2022 19:27,1,3, ,0,0.001,0.001
21/07/2022 19:28,1,3, ,0,0,0
21/07/2022 19:29,1,3, ,0.004,0.003,0
21/07/2022 19:30,1,3, ,0.004,0,0
21/07/2022 19:31,1,3, ,0,0,0
21/07/2022 19:32,1,3, ,0,0.001,0.001
21/07/2022 19:33,1,3, ,0,0.003,0.001
21/07/2022 19:34,1,3, ,0,0.001,0.001
21/07/2022 19:35,1,3, ,0.003,0,0
21/07/2022 19:36,1,3, ,0.006,0,0
21/07/2022 19:37,1,3, ,0.005,0.002,0.001
21/07/2022 19:38,1,3, ,0.005,0,0
21/07/2022 19:39,1,3, ,0.003,0.01,0.001
21/07/2022 19:40,1,3, ,0.013,0.001,0.001
21/07/2022 19:41,1,3, , ,0,0
21/07/2022 19:42,1,3, ,0.001,0,0
21/07/2022 19:43,1,3, ,0.004,0,0
21/07/2022 19:44,1,3, ,0.007,0.001,0.001
21/07/2022 19:45,1,3, ,0.008,0.003,0.001
21/07/2022 19:46,1,3, ,0.009,0.001,0
21/07/2022 19:47,1,3, ,0.009,0.002,0.001
21/07/2022 19:48,1,3, ,0.006,0.001,0
21/07/2022 19:49,1,3, ,0.008,0,0
21/07/2022 19:50,1,3, ,0.008,0,0
21/07/2022 19:51,1,3, ,0.006,0.002,0.001
21/07/2022 19:52,1,3, ,0.009,0,0
21/07/2022 19:53,1,3, ,0.006,0,0
21/07/2022 19:54,1,3, ,0.011,0.001,0.001
21/07/2022 19:55,1,3, ,0.009,0,0
21/07/2022 19:56,1,3, ,0.009,0,0
21/07/2022 19:57,1,3, ,0.01,0.002,0.001
21/07/2022 19:58,1,3, ,0.01,0.001,0.001
21/07/2022 19:59,1,3, ,0.01,0,0
21/07/2022 20:00,1,3, ,0.01,0,0
21/07/2022 20:01,1,3, ,0.013,0.003,0.001
21/07/2022 20:02,1,3, ,0.01,0,0
21/07/2022 20:03,1,3, ,0.012,0.002,0.001
21/07/2022 20:04,1,3, ,0.011,0.001,0.001
21/07/2022 20:05,1,3, ,0.012,0.002,0.001
21/07/2022 20:06,1,3, ,0.013,0.002,0.001
21/07/2022 20:07,1,3, ,0.013,0,0
21/07/2022 20:08,1,3, ,0.01,0.001,0
21/07/2022 20:09,1,3, ,0.021,0.001,0.001
21/07/2022 20:10,1,3, ,0.009,0.001,0
21/07/2022 20:11,1,3, ,0.009,0.001,0.001
21/07/2022 20:12,1,3, ,0.016,0.002,0.001
21/07/2022 20:13,1,3, ,0.013,0.001,0
21/07/2022 20:14,1,3, ,0.013,0,0
21/07/2022 20:15,1,3, ,0.018,0.001,0
21/07/2022 20:16,1,3, ,0.012,0,0
21/07/2022 20:17,1,3, ,0.014,0.003,0.001
21/07/2022 20:18,1,3, ,0.014,0,0
21/07/2022 20:19,1,3, ,0.016,0.006,0.001
21/07/2022 20:20,1,3, ,0.017,0.001,0
21/07/2022 20:21,1,3, ,0.019,0.002,0
21/07/2022 20:22,1,3, ,0.013,0,0
21/07/2022 20:23,1,3, ,0.019,0.001,0.001
21/07/2022 20:24,1,3, ,0.016,0,0
21/07/2022 20:25,1,3, ,0.019,0.003,0.001
21/07/2022 20:26,1,3, ,0.021,0,0
21/07/2022 20:27,1,3, ,0.016,0,0
21/07/2022 20:28,1,3, ,0.02,0.001,0.001
21/07/2022 20:29,1,3, ,0.016,0.002,0.001
21/07/2022 20:30,1,3, ,0.02,0.001,0.001
21/07/2022 20:31,1,3, ,0.015,0.001,0
21/07/2022 20:32,1,3, ,0.016,0.001,0.001
21/07/2022 20:33,1,3, ,0.016,0.003,0.001
21/07/2022 20:34,1,3, ,0.018,0.001,0
21/07/2022 20:35,1,3, ,0.013,0,0
21/07/2022 20:36,1,3, ,0.017,0.001,0
21/07/2022 20:37,1,3, ,0.014,0.001,0.001
21/07/2022 20:38,1,3, ,0.016,0,0
21/07/2022 20:39,1,3, ,0.016,0,0
21/07/2022 20:40,1,3, ,0.017,0,0
21/07/2022 20:41,1,3, ,0.02,0.002,0.001
21/07/2022 20:42,1,3, ,0.016,0,0
21/07/2022 20:43,1,3, ,0.014,0.005,0.001
21/07/2022 20:44,1,3, ,0.017,0.001,0.001
21/07/2022 20:45,1,3, ,0.018,0.001,0
21/07/2022 20:46,1,3, ,0.013,0,0
21/07/2022 20:47,1,3, ,0.02,0.012,0.001
21/07/2022 20:48,1,3, ,0.016,0,0
21/07/2022 20:49,1,3, ,0.014,0.001,0.001
21/07/2022 20:50,1,3, ,0.015,0.004,0.001
21/07/2022 20:51,1,3, ,0.015,0,0
21/07/2022 20:52,1,3, ,0.018,0.001,0.001
21/07/2022 20:53,1,3, ,0.018,0,0
21/07/2022 20:54,1,3, ,0.021,0,0
21/07/2022 20:55,1,3, ,0.02,0.005,0
21/07/2022 20:56,1,3, ,0.017,0.001,0.001
21/07/2022 20:57,1,3, ,0.015,0,0
21/07/2022 20:58,1,3, ,0.017,0.001,0.001
21/07/2022 20:59,1,3, ,0.015,0.001,0.001
21/07/2022 21:00,1,3, ,0.016,0.001,0
21/07/2022 21:01,1,3, ,0.015,0,0
21/07/2022 21:02,1,3, ,0.015,0.001,0.001
21/07/2022 21:03,1,3, ,0.017,0.001,0.001
21/07/2022 21:04,1,3, ,0.024,0.001,0.001
21/07/2022 21:05,1,3, ,0.019,0,0
21/07/2022 21:06,1,3, ,0.018,0.001,0.001
21/07/2022 21:07,1,3, ,0.016,0,0
21/07/2022 21:08,1,3, ,0.016,0.013,0.001
21/07/2022 21:09,1,3, ,0.016,0,0
21/07/2022 21:10,1,3, ,0.014,0,0
21/07/2022 21:11,1,3, ,0.017,0,0
21/07/2022 21:12,1,3, ,0.017,0,0
21/07/2022 21:13,1,3, ,0.016,0.001,0
21/07/2022 21:14,1,3, ,0.013,0,0
21/07/2022 21:15,1,3, ,0.014,0,0
21/07/2022 21:16,1,3, ,0.014,0.003,0.002
21/07/2022 21:17,1,3, ,0.013,0.001,0.001
21/07/2022 21:18,1,3, ,0.015,0.001,0.001
21/07/2022 21:19,1,3, ,0.019,0.001,0.001
21/07/2022 21:20,1,3, ,0.016,0.001,0
21/07/2022 21:21,1,3, ,0.014,0,0
21/07/2022 21:24,1,3, , ,0.059,0.005
21/07/2022 22:08,1,1,456, , , 
21/07/2022 22:09,1,1,446, , , 
21/07/2022 22:10,1,1,434, , , 
21/07/2022 22:11,1,1,431, , , 
21/07/2022 22:12,1,1,424, , , 
21/07/2022 22:13,1,1,421, , , 
21/07/2022 22:14,1,1,426, , , 
21/07/2022 22:15,1,1,426, , , 
21/07/2022 22:16,1,1,426, , , 
21/07/2022 22:17,1,1,429, , , 
21/07/2022 22:18,1,1,426, , , 
21/07/2022 22:19,1,1,424, , , 
21/07/2022 22:20,1,1,421, , , 
21/07/2022 22:21,1,1,421, , , 
21/07/2022 22:22,1,1,421, , , 
21/07/2022 22:23,1,1,426, , , 
21/07/2022 22:24,1,1,426, , , 
21/07/2022 22:25,1,1,421, , , 
21/07/2022 22:26,1,1,424, , , 
21/07/2022 22:27,1,1,421, , , 
21/07/2022 22:28,1,1,424, , , 
21/07/2022 22:29,1,1,429, , , 
21/07/2022 22:30,1,1,429, , , 
21/07/2022 22:31,1,1,431, , , 
21/07/2022 22:32,1,1,431, , , 
21/07/2022 22:33,1,1,429, , , 
21/07/2022 22:34,1,1,426, , , 
21/07/2022 22:35,1,1,426, , , 
21/07/2022 22:36,1,1,424, , , 
21/07/2022 22:37,1,1,424, , , 
21/07/2022 22:38,1,1,429, , , 
21/07/2022 22:39,1,1,421, , , 
21/07/2022 22:40,1,1,424, , , 
21/07/2022 22:41,1,1,421, , , 
21/07/2022 22:42,1,1,421, , , 
21/07/2022 22:43,1,1,426, , , 
21/07/2022 22:44,1,1,426, , , 
21/07/2022 22:45,1,1,421, , , 
21/07/2022 22:46,1,1,419, , , 
21/07/2022 22:47,1,1,421, , , 
21/07/2022 22:48,1,1,426, , , 
21/07/2022 22:49,1,1,426, , , 
21/07/2022 22:50,1,1,429, , , 
21/07/2022 22:51,1,1,431, , , 
21/07/2022 22:52,1,1,431, , , 
21/07/2022 22:53,1,1,426, , , 
21/07/2022 22:54,1,1,424, , , 
21/07/2022 22:55,1,1,424, , , 
21/07/2022 22:56,1,1,424, , , 
21/07/2022 22:57,1,1,424, , , 
21/07/2022 22:58,1,1,426, , , 
21/07/2022 22:59,1,1,426, , , 
21/07/2022 23:00,1,1,426, , , 
21/07/2022 23:01,1,1,431, , , 
21/07/2022 23:02,1,1,426, , , 
21/07/2022 23:03,1,1,424, , , 
21/07/2022 23:04,1,1,424, , , 
21/07/2022 23:05,1,1,424, , , 
21/07/2022 23:06,1,1,424, , , 
21/07/2022 23:07,1,1,424, , , 
21/07/2022 23:08,1,1,426, , , 
21/07/2022 23:09,1,1,424, , , 
21/07/2022 23:10,1,1,424, , , 
21/07/2022 23:11,1,1,424, , , 
21/07/2022 23:12,1,1,426, , , 
21/07/2022 23:13,1,1,424, , , 
21/07/2022 23:14,1,1,426, , , 
21/07/2022 23:15,1,1,429, , , 
21/07/2022 23:16,1,1,424, , , 
21/07/2022 23:17,1,1,424, , , 
21/07/2022 23:18,1,1,424, , , 
21/07/2022 23:19,1,1,424, , , 
21/07/2022 23:20,1,1,429, , , 
21/07/2022 23:21,1,1,429, , , 
21/07/2022 23:22,1,1,429, , , 
21/07/2022 23:23,1,1,429, , , 
21/07/2022 23:24,1,1,426, , , 
21/07/2022 23:25,1,1,424, , , 
21/07/2022 23:26,1,1,424, , , 
21/07/2022 23:27,1,1,424, , , 
21/07/2022 23:28,1,1,421, , , 
21/07/2022 23:29,1,1,424, , , 
21/07/2022 23:30,1,1,421, , , 
21/07/2022 23:31,1,1,424, , , 
21/07/2022 23:32,1,1,424, , , 
21/07/2022 23:33,1,1,424, , , 
21/07/2022 23:34,1,1,424, , , 
21/07/2022 23:35,1,1,424, , , 
21/07/2022 23:36,1,1,424, , , 
21/07/2022 23:37,1,1,426, , , 
21/07/2022 23:38,1,1,429, , , 
21/07/2022 23:39,1,1,431, , , 
21/07/2022 23:40,1,1,434, , , 
21/07/2022 23:41,1,1,431, , , 
21/07/2022 23:42,1,1,431, , , 
21/07/2022 23:43,1,1,431, , , 
21/07/2022 23:44,1,1,431, , , 
21/07/2022 23:45,1,1,431, , , 
21/07/2022 23:46,1,1,429, , , 
21/07/2022 23:47,1,1,429, , , 
21/07/2022 23:48,1,1,429, , , 
21/07/2022 23:49,1,1,426, , , 
21/07/2022 23:50,1,1,421, , , 
21/07/2022 23:51,1,1,424, , , 
21/07/2022 23:52,1,1,426, , , 
21/07/2022 23:53,1,1,424, , , 
21/07/2022 23:54,1,1,421, , , 
21/07/2022 23:55,1,1,419, , , 
21/07/2022 23:56,1,1,419, , , 
21/07/2022 23:57,1,1,421, , , 
21/07/2022 23:58,1,1,424, , , 
21/07/2022 23:59,1,1,426, , , 
22/07/2022 0:00,1,1,429, , , 
22/07/2022 0:01,1,1,424, , , 
22/07/2022 0:02,1,1,419, , , 
22/07/2022 0:03,1,1,419, , , 
22/07/2022 0:04,1,1,419, , , 
22/07/2022 0:05,1,1,419, , , 
22/07/2022 0:06,1,1,421, , , 
22/07/2022 0:07,1,1,419, , , 
22/07/2022 0:08,1,1,424, , , 
22/07/2022 0:09,1,1,424, , , 
22/07/2022 0:10,1,1,424, , , 
22/07/2022 0:11,1,1,424, , , 
22/07/2022 0:12,1,1,421, , , 
22/07/2022 0:13,1,1,424, , , 
22/07/2022 0:14,1,1,424, , , 
22/07/2022 0:15,1,1,426, , , 
22/07/2022 0:16,1,1,434, , , 
22/07/2022 0:17,1,1,434, , , 
22/07/2022 0:18,1,1,444, , , 
22/07/2022 0:19,1,1,456, , , 
22/07/2022 0:20,1,1,454, , , 
22/07/2022 0:21,1,1,446, , , 
22/07/2022 0:22,1,1,436, , , 
22/07/2022 0:23,1,1,434, , , 
22/07/2022 0:24,1,1,431, , , 
22/07/2022 0:25,1,1,431, , , 
22/07/2022 0:26,1,1,446, , , 
22/07/2022 0:27,1,1,446, , , 
22/07/2022 0:28,1,1,444, , , 
22/07/2022 0:29,1,1,441, , , 
22/07/2022 0:30,1,1,431, , , 
22/07/2022 0:31,1,1,431, , , 
22/07/2022 0:32,1,1,426, , , 
22/07/2022 0:33,1,1,419, , , 
22/07/2022 0:34,1,1,421, , , 
22/07/2022 0:35,1,1,424, , , 
22/07/2022 0:36,1,1,421, , , 
22/07/2022 0:37,1,1,419, , , 
22/07/2022 0:38,1,1,421, , , 
22/07/2022 0:39,1,1,424, , , 
22/07/2022 0:40,1,1,421, , , 
22/07/2022 0:41,1,1,419, , , 
22/07/2022 0:42,1,1,419, , , 
22/07/2022 0:43,1,1,424, , , 
22/07/2022 0:44,1,1,424, , , 
22/07/2022 0:45,1,1,421, , , 
22/07/2022 0:46,1,1,421, , , 
22/07/2022 0:47,1,1,424, , , 
22/07/2022 0:48,1,1,426, , , 
22/07/2022 0:49,1,1,424, , , 
22/07/2022 0:50,1,1,421, , , 
22/07/2022 0:51,1,1,419, , , 
22/07/2022 0:52,1,1,419, , , 
22/07/2022 0:53,1,1,419, , , 
22/07/2022 0:54,1,1,419, , , 
22/07/2022 0:55,1,1,419, , , 
22/07/2022 0:56,1,1,419, , , 
22/07/2022 0:57,1,1,419, , , 
22/07/2022 0:58,1,1,416, , , 
22/07/2022 0:59,1,1,416, , , 
22/07/2022 1:00,1,1,416, , , 
22/07/2022 1:01,1,1,421, , , 
22/07/2022 1:02,1,1,419, , , 
22/07/2022 1:03,1,1,419, , , 
22/07/2022 1:04,1,1,419, , , 
22/07/2022 1:05,1,1,414, , , 
22/07/2022 1:06,1,1,419, , , 
22/07/2022 1:07,1,1,416, , , 
22/07/2022 1:08,1,1,419, , , 
22/07/2022 1:09,1,1,424, , , 
22/07/2022 1:10,1,1,421, , , 
22/07/2022 1:11,1,1,416, , , 
22/07/2022 1:12,1,1,419, , , 
22/07/2022 1:13,1,1,419, , , 
22/07/2022 1:14,1,1,419, , , 
22/07/2022 1:15,1,1,416, , , 
22/07/2022 1:16,1,1,411, , , 
22/07/2022 1:17,1,1,414, , , 
22/07/2022 1:18,1,1,416, , , 
22/07/2022 1:19,1,1,416, , , 
22/07/2022 1:20,1,1,416, , , 
22/07/2022 1:21,1,1,416, , , 
22/07/2022 1:22,1,1,414, , , 
22/07/2022 1:23,1,1,414, , , 
22/07/2022 1:24,1,1,414, , , 
22/07/2022 1:25,1,1,414, , , 
22/07/2022 1:26,1,1,419, , , 
22/07/2022 1:27,1,1,419, , , 
22/07/2022 1:28,1,1,419, , , 
22/07/2022 1:29,1,1,419, , , 
22/07/2022 1:30,1,1,416, , , 
22/07/2022 1:31,1,1,416, , , 
22/07/2022 1:32,1,1,419, , , 
22/07/2022 1:33,1,1,419, , , 
22/07/2022 1:34,1,1,419, , , 
22/07/2022 1:35,1,1,419, , , 
22/07/2022 1:36,1,1,414, , , 
22/07/2022 1:37,1,1,414, , , 
22/07/2022 1:38,1,1,414, , , 
22/07/2022 1:39,1,1,414, , , 
22/07/2022 1:40,1,1,411, , , 
22/07/2022 1:41,1,1,414, , , 
22/07/2022 1:42,1,1,414, , , 
22/07/2022 1:43,1,1,414, , , 
22/07/2022 1:44,1,1,414, , , 
22/07/2022 1:45,1,1,414, , , 
22/07/2022 1:46,1,1,416, , , 
22/07/2022 1:47,1,1,416, , , 
22/07/2022 1:48,1,1,419, , , 
22/07/2022 1:49,1,1,419, , , 
22/07/2022 1:50,1,1,416, , , 
22/07/2022 1:51,1,1,416, , , 
22/07/2022 1:52,1,1,416, , , 
22/07/2022 1:53,1,1,416, , , 
22/07/2022 1:54,1,1,416, , , 
22/07/2022 1:55,1,1,414, , , 
22/07/2022 1:56,1,1,414, , , 
22/07/2022 1:57,1,1,416, , , 
22/07/2022 1:58,1,1,414, , , 
22/07/2022 1:59,1,1,414, , , 
22/07/2022 2:00,1,1,416, , , 
22/07/2022 2:01,1,1,416, , , 
22/07/2022 2:02,1,1,416, , , 
22/07/2022 2:03,1,1,419, , , 
22/07/2022 2:04,1,1,419, , , 
22/07/2022 2:05,1,1,419, , , 
22/07/2022 2:06,1,1,414, , , 
22/07/2022 2:07,1,1,414, , , 
22/07/2022 2:08,1,1,414, , , 
22/07/2022 2:09,1,1,414, , , 
22/07/2022 2:10,1,1,414, , , 
22/07/2022 2:11,1,1,414, , , 
22/07/2022 2:12,1,1,414, , , 
22/07/2022 2:13,1,1,411, , , 
22/07/2022 2:14,1,1,414, , , 
22/07/2022 2:15,1,1,414, , , 
22/07/2022 2:16,1,1,414, , , 
22/07/2022 2:17,1,1,414, , , 
22/07/2022 2:18,1,1,416, , , 
22/07/2022 2:19,1,1,419, , , 
22/07/2022 2:20,1,1,416, , , 
22/07/2022 2:21,1,1,416, , , 
22/07/2022 2:22,1,1,416, , , 
22/07/2022 2:23,1,1,416, , , 
22/07/2022 2:24,1,1,416, , , 
22/07/2022 2:25,1,1,414, , , 
22/07/2022 2:26,1,1,414, , , 
22/07/2022 2:27,1,1,416, , , 
22/07/2022 2:28,1,1,416, , , 
22/07/2022 2:29,1,1,414, , , 
22/07/2022 2:30,1,1,414, , , 
22/07/2022 2:31,1,1,414, , , 
22/07/2022 2:32,1,1,414, , , 
22/07/2022 2:33,1,1,421, , , 
22/07/2022 2:34,1,1,426, , , 
22/07/2022 2:35,1,1,426, , , 
22/07/2022 4:37,1,1,494, , , 
22/07/2022 4:38,1,1,454, , , 
22/07/2022 4:39,1,1,436, , , 
22/07/2022 4:40,1,1,426, , , 
22/07/2022 4:41,1,1,421, , , 
22/07/2022 4:42,1,1,416, , , 
22/07/2022 4:43,1,1,416, , , 
22/07/2022 4:44,1,1,416, , , 
22/07/2022 4:45,1,1,416, , , 
22/07/2022 4:46,1,1,424, , , 
22/07/2022 4:47,1,1,426, , , 
22/07/2022 4:48,1,1,424, , , 
22/07/2022 4:49,1,1,426, , , 
22/07/2022 4:50,1,1,431, , , 
22/07/2022 4:51,1,1,441, , , 
22/07/2022 4:52,1,1,441, , , 
22/07/2022 4:53,1,1,439, , , 
22/07/2022 4:54,1,1,439, , , 
22/07/2022 4:55,1,1,434, , , 
22/07/2022 4:56,1,1,431, , , 
22/07/2022 4:57,1,1,434, , , 
22/07/2022 4:58,1,1,434, , , 
22/07/2022 4:59,1,1,439, , , 
22/07/2022 5:00,1,1,436, , , 
22/07/2022 5:01,1,1,434, , , 
22/07/2022 5:02,1,1,431, , , 
22/07/2022 5:03,1,1,429, , , 
22/07/2022 5:04,1,1,436, , , 
22/07/2022 5:05,1,1,431, , , 
22/07/2022 5:06,1,1,424, , , 
22/07/2022 5:07,1,1,416, , , 
22/07/2022 5:08,1,1,421, , , 
22/07/2022 5:09,1,1,426, , , 
22/07/2022 5:10,1,1,426, , , 
22/07/2022 5:11,1,1,426, , , 
22/07/2022 5:12,1,1,421, , , 
22/07/2022 5:13,1,1,419, , , 
22/07/2022 5:14,1,1,419, , , 
22/07/2022 5:15,1,1,419, , , 
22/07/2022 5:16,1,1,419, , , 
22/07/2022 5:17,1,1,424, , , 
22/07/2022 5:18,1,1,426, , , 
22/07/2022 5:19,1,1,424, , , 
22/07/2022 5:20,1,1,421, , , 
22/07/2022 5:21,1,1,419, , , 
22/07/2022 5:22,1,1,416, , , 
22/07/2022 5:23,1,1,416, , , 
22/07/2022 5:24,1,1,416, , , 
22/07/2022 5:25,1,1,419, , , 
22/07/2022 5:26,1,1,419, , , 
22/07/2022 5:27,1,1,416, , , 
22/07/2022 5:28,1,1,414, , , 
22/07/2022 5:29,1,1,414, , , 
22/07/2022 5:30,1,1,419, , , 
22/07/2022 5:31,1,1,421, , , 
22/07/2022 5:32,1,1,424, , , 
22/07/2022 5:33,1,1,424, , , 
22/07/2022 5:34,1,1,429, , , 
22/07/2022 5:35,1,1,426, , , 
22/07/2022 5:36,1,1,431, , , 
22/07/2022 5:37,1,1,431, , , 
22/07/2022 5:38,1,1,429, , , 
22/07/2022 5:39,1,1,429, , , 
22/07/2022 5:40,1,1,424, , , 
22/07/2022 5:41,1,1,421, , , 
22/07/2022 5:42,1,1,424, , , 
22/07/2022 5:43,1,1,421, , , 
22/07/2022 5:44,1,1,419, , , 
22/07/2022 5:45,1,1,419, , , 
22/07/2022 5:46,1,1,419, , , 
22/07/2022 5:47,1,1,426, , , 
22/07/2022 5:48,1,1,424, , , 
22/07/2022 5:49,1,1,426, , , 
22/07/2022 5:50,1,1,426, , , 
22/07/2022 5:51,1,1,421, , , 
22/07/2022 5:52,1,1,419, , , 
22/07/2022 5:53,1,1,416, , , 
22/07/2022 5:54,1,1,419, , , 
22/07/2022 5:55,1,1,426, , , 
22/07/2022 5:56,1,1,426, , , 
22/07/2022 5:57,1,1,429, , , 
22/07/2022 5:58,1,1,429, , , 
22/07/2022 5:59,1,1,431, , , 
22/07/2022 6:00,1,1,429, , , 
22/07/2022 6:01,1,1,424, , , 
22/07/2022 6:02,1,1,424, , , 
22/07/2022 6:03,1,1,424, , , 
22/07/2022 6:04,1,1,419, , , 
22/07/2022 6:05,1,1,419, , , 
22/07/2022 6:06,1,1,419, , , 
22/07/2022 6:07,1,1,421, , , 
22/07/2022 6:08,1,1,419, , , 
22/07/2022 6:09,1,1,421, , , 
22/07/2022 6:10,1,1,421, , , 
22/07/2022 6:11,1,1,419, , , 
22/07/2022 6:12,1,1,419, , , 
22/07/2022 6:13,1,1,419, , , 
22/07/2022 6:14,1,1,424, , , 
22/07/2022 6:15,1,1,426, , , 
22/07/2022 6:16,1,1,419, , , 
22/07/2022 6:17,1,1,419, , , 
22/07/2022 6:18,1,1,419, , , 
22/07/2022 6:19,1,1,419, , , 
22/07/2022 6:20,1,1,419, , , 
22/07/2022 6:21,1,1,419, , , 
22/07/2022 6:22,1,1,421, , , 
22/07/2022 6:23,1,1,416, , , 
22/07/2022 6:24,1,1,419, , , 
22/07/2022 6:25,1,1,421, , , 
22/07/2022 6:26,1,1,424, , , 
22/07/2022 6:27,1,1,421, , , 
22/07/2022 6:28,1,1,419, , , 
22/07/2022 6:29,1,1,419, , , 
22/07/2022 6:30,1,1,416, , , 
22/07/2022 6:31,1,1,416, , , 
22/07/2022 6:32,1,1,419, , , 
22/07/2022 6:33,1,1,419, , , 
22/07/2022 6:34,1,1,419, , , 
22/07/2022 6:35,1,1,416, , , 
22/07/2022 6:36,1,1,416, , , 
22/07/2022 6:37,1,1,416, , , 
22/07/2022 6:38,1,1,411, , , 
22/07/2022 6:39,1,1,409, , , 
22/07/2022 6:40,1,1,406, , , 
22/07/2022 6:41,1,1,409, , , 
22/07/2022 6:42,1,1,406, , , 
22/07/2022 7:10,1,1,502, , , 
22/07/2022 7:11,1,1,489, , , 
22/07/2022 7:12,1,1,466, , , 
22/07/2022 7:13,1,1,446, , , 
22/07/2022 7:14,1,1,444, , , 
22/07/2022 7:15,1,1,444, , , 
22/07/2022 7:16,1,1,434, , , 
22/07/2022 7:17,1,1,424, , , 
22/07/2022 7:18,1,1,419, , , 
22/07/2022 7:19,1,1,419, , , 
22/07/2022 7:20,1,1,421, , , 
22/07/2022 7:21,1,1,421, , , 
22/07/2022 7:22,1,1,421, , , 
22/07/2022 7:23,1,1,419, , , 
22/07/2022 7:24,1,1,419, , , 
22/07/2022 7:25,1,1,421, , , 
22/07/2022 7:26,1,1,421, , , 
22/07/2022 7:27,1,1,419, , , 
22/07/2022 7:28,1,1,414, , , 
22/07/2022 7:29,1,1,411, , , 
22/07/2022 7:30,1,1,411, , , 
22/07/2022 7:31,1,1,414, , , 
22/07/2022 7:32,1,1,416, , , 
22/07/2022 7:33,1,1,416, , , 
22/07/2022 7:34,1,1,416, , , 
22/07/2022 7:35,1,1,416, , , 
22/07/2022 7:36,1,1,414, , , 
22/07/2022 7:37,1,1,414, , , 
22/07/2022 7:38,1,1,414, , , 
22/07/2022 7:39,1,1,414, , , 
22/07/2022 7:40,1,1,411, , , 
22/07/2022 7:41,1,1,414, , , 
22/07/2022 7:42,1,1,419, , , 
22/07/2022 7:43,1,1,414, , , 
22/07/2022 7:44,1,1,411, , , 
22/07/2022 7:45,1,1,406, , , 
22/07/2022 7:46,1,1,406, , , 
22/07/2022 7:47,1,1,409, , , 
22/07/2022 7:48,1,1,409, , , 
22/07/2022 7:49,1,1,404, , , 
22/07/2022 7:50,1,1,401, , , 
22/07/2022 7:51,1,1,401, , , 
22/07/2022 7:52,1,1,401, , , 
22/07/2022 7:53,1,1,404, , , 
22/07/2022 7:54,1,1,404, , , 
22/07/2022 7:55,1,1,404, , , 
22/07/2022 7:56,1,1,404, , , 
22/07/2022 7:57,1,1,401, , , 
22/07/2022 7:58,1,1,404, , , 
22/07/2022 7:59,1,1,406, , , 
22/07/2022 8:00,1,1,409, , , 
22/07/2022 8:01,1,1,411, , , 
22/07/2022 8:02,1,1,409, , , 
22/07/2022 8:03,1,1,409, , , 
22/07/2022 8:04,1,1,409, , , 
22/07/2022 8:05,1,1,409, , , 
22/07/2022 8:06,1,1,409, , , 
22/07/2022 8:07,1,1,411, , , 
22/07/2022 8:07,1,3, ,0.013, , 
22/07/2022 8:08,1,1,414, , , 
22/07/2022 8:08,1,3, ,0.017,0.011,0.003
22/07/2022 8:09,1,1,414, , , 
22/07/2022 8:09,1,3, ,0.016,0.016,0.003
22/07/2022 8:10,1,1,416, , , 
22/07/2022 8:10,1,3, ,0.016,0.008,0.002
22/07/2022 8:11,1,1,414, , , 
22/07/2022 8:11,1,3, ,0.019,0.012,0.003
22/07/2022 8:12,1,1,419, , , 
22/07/2022 8:12,1,3, ,0.017,0.01,0.003
22/07/2022 8:13,1,1,416, , , 
22/07/2022 8:13,1,3, ,0.019,0.009,0.002
22/07/2022 8:14,1,1,419, , , 
22/07/2022 8:14,1,3, ,0.019,0.011,0.003
22/07/2022 8:15,1,1,421, , , 
22/07/2022 8:15,1,3, ,0.019,0.013,0.003
22/07/2022 8:16,1,1,419, , , 
22/07/2022 8:16,1,3, ,0.02,0.015,0.003
22/07/2022 8:17,1,1,416, , , 
22/07/2022 8:17,1,3, ,0.021,0.012,0.003
22/07/2022 8:18,1,1,419, , , 
22/07/2022 8:18,1,3, ,0.019,0.013,0.003
22/07/2022 8:19,1,1,419, , , 
22/07/2022 8:19,1,3, ,0.02,0.011,0.003
22/07/2022 8:20,1,1,419, , , 
22/07/2022 8:20,1,3, ,0.023,0.009,0.002
22/07/2022 8:21,1,1,424, , , 
22/07/2022 8:21,1,3, ,0.025,0.012,0.003
22/07/2022 8:22,1,1,424, , , 
22/07/2022 8:22,1,3, ,0.024,0.011,0.003
22/07/2022 8:23,1,1,426, , , 
22/07/2022 8:23,1,3, ,0.021,0.011,0.003
22/07/2022 8:24,1,1,424, , , 
22/07/2022 8:24,1,3, ,0.021,0.01,0.003
22/07/2022 8:25,1,1,424, , , 
22/07/2022 8:25,1,3, ,0.02,0.011,0.003
22/07/2022 8:26,1,1,426, , , 
22/07/2022 8:26,1,3, ,0.024,0.013,0.003
22/07/2022 8:27,1,1,424, , , 
22/07/2022 8:27,1,3, ,0.028,0.014,0.004
22/07/2022 8:28,1,1,426, , , 
22/07/2022 8:28,1,3, ,0.025,0.01,0.003
22/07/2022 8:29,1,1,424, , , 
22/07/2022 8:29,1,3, ,0.019,0.013,0.002
22/07/2022 8:30,1,1,421, , , 
22/07/2022 8:30,1,3, ,0.023,0.01,0.003
22/07/2022 8:31,1,1,424, , , 
22/07/2022 8:31,1,3, ,0.02,0.009,0.003
22/07/2022 8:32,1,1,424, , , 
22/07/2022 8:32,1,3, ,0.02,0.012,0.003
22/07/2022 8:33,1,1,426, , , 
22/07/2022 8:33,1,3, ,0.021,0.012,0.003
22/07/2022 8:34,1,1,426, , , 
22/07/2022 8:34,1,3, ,0.021,0.019,0.003
22/07/2022 8:35,1,1,419, , , 
22/07/2022 8:35,1,3, ,0.02,0.016,0.003
22/07/2022 8:36,1,1,424, , , 
22/07/2022 8:36,1,3, ,0.019,0.008,0.002
22/07/2022 8:37,1,1,424, , , 
22/07/2022 8:37,1,3, ,0.022,0.016,0.003
22/07/2022 8:38,1,1,424, , , 
22/07/2022 8:38,1,3, ,0.018,0.013,0.003
22/07/2022 8:39,1,1,426, , , 
22/07/2022 8:39,1,3, ,0.018,0.011,0.003
22/07/2022 8:40,1,1,426, , , 
22/07/2022 8:40,1,3, ,0.018,0.009,0.003
22/07/2022 8:41,1,1,429, , , 
22/07/2022 8:41,1,3, ,0.018,0.012,0.003
22/07/2022 8:42,1,1,426, , , 
22/07/2022 8:42,1,3, ,0.018,0.011,0.003
22/07/2022 8:43,1,1,426, , , 
22/07/2022 8:43,1,3, ,0.018,0.012,0.003
22/07/2022 8:44,1,1,424, , , 
22/07/2022 8:44,1,3, ,0.026,0.017,0.003
22/07/2022 8:45,1,1,426, , , 
22/07/2022 8:45,1,3, ,0.02,0.008,0.003
22/07/2022 8:46,1,1,426, , , 
22/07/2022 8:46,1,3, ,0.02,0.011,0.004
22/07/2022 8:47,1,1,429, , , 
22/07/2022 8:47,1,3, ,0.019,0.01,0.003
22/07/2022 8:48,1,1,426, , , 
22/07/2022 8:48,1,3, ,0.018,0.01,0.003
22/07/2022 8:49,1,1,431, , , 
22/07/2022 8:49,1,3, ,0.017,0.014,0.003
22/07/2022 8:50,1,1,431, , , 
22/07/2022 8:50,1,3, ,0.017,0.009,0.003
22/07/2022 8:51,1,1,431, , , 
22/07/2022 8:51,1,3, ,0.017,0.012,0.003
22/07/2022 8:52,1,1,426, , , 
22/07/2022 8:52,1,3, ,0.017,0.009,0.003
22/07/2022 8:53,1,1,424, , , 
22/07/2022 8:53,1,3, ,0.018,0.012,0.003
22/07/2022 8:54,1,1,424, , , 
22/07/2022 8:54,1,3, ,0.019,0.011,0.003
22/07/2022 8:55,1,1,426, , , 
22/07/2022 8:55,1,3, ,0.019,0.012,0.003
22/07/2022 8:56,1,1,426, , , 
22/07/2022 8:56,1,3, ,0.016,0.008,0.002
22/07/2022 8:57,1,1,426, , , 
22/07/2022 8:57,1,3, ,0.014,0.013,0.002
22/07/2022 8:58,1,1,426, , , 
22/07/2022 8:58,1,3, ,0.014,0.012,0.003
22/07/2022 8:59,1,1,431, , , 
22/07/2022 8:59,1,3, ,0.011,0.009,0.002
22/07/2022 9:00,1,1,434, , , 
22/07/2022 9:00,1,3, ,0.015,0.016,0.003
22/07/2022 9:01,1,1,441, , , 
22/07/2022 9:01,1,3, ,0.012,0.007,0.002
22/07/2022 9:02,1,1,436, , , 
22/07/2022 9:02,1,3, ,0.011,0.007,0.002
22/07/2022 9:03,1,1,434, , , 
22/07/2022 9:03,1,3, ,0.008,0.01,0.003
22/07/2022 9:04,1,1,429, , , 
22/07/2022 9:04,1,3, ,0.01,0.007,0.003
22/07/2022 9:05,1,1,431, , , 
22/07/2022 9:05,1,3, ,0.012,0.007,0.002
22/07/2022 9:06,1,1,426, , , 
22/07/2022 9:06,1,3, ,0.007,0.011,0.003
22/07/2022 9:07,1,1,426, , , 
22/07/2022 9:07,1,3, ,0.006,0.011,0.003
22/07/2022 9:08,1,1,426, , , 
22/07/2022 9:08,1,3, ,0.007,0.01,0.003
22/07/2022 9:09,1,1,426, , , 
22/07/2022 9:09,1,3, ,0.007,0.011,0.003
22/07/2022 9:10,1,1,429, , , 
22/07/2022 9:10,1,3, ,0.008,0.013,0.003
22/07/2022 9:11,1,1,429, , , 
22/07/2022 9:11,1,3, ,0.008,0.008,0.002
22/07/2022 9:12,1,1,431, , , 
22/07/2022 9:12,1,3, ,0.01,0.008,0.002
22/07/2022 9:13,1,1,429, , , 
22/07/2022 9:13,1,3, ,0.011,0.011,0.003
22/07/2022 9:14,1,1,426, , , 
22/07/2022 9:14,1,3, ,0.01,0.009,0.002
22/07/2022 9:15,1,1,424, , , 
22/07/2022 9:15,1,3, ,0.009,0.005,0.002
22/07/2022 9:16,1,3, ,0.007,0.009,0.002
22/07/2022 9:17,1,3, ,0.008,0.008,0.002
22/07/2022 9:18,1,3, ,0.005,0.013,0.002
22/07/2022 9:19,1,3, ,0.001,0.009,0.002
22/07/2022 9:20,1,3, ,0.005,0.009,0.002
22/07/2022 9:21,1,3, ,0.006,0.017,0.002
22/07/2022 9:22,1,3, ,0.006,0.015,0.003
22/07/2022 9:23,1,3, ,0.006,0.009,0.003
22/07/2022 9:24,1,3, ,0.006,0.008,0.002
22/07/2022 9:25,1,3, ,0.006,0.008,0.002
22/07/2022 9:26,1,3, ,0.004,0.008,0.003
22/07/2022 9:27,1,3, ,0.005,0.01,0.002
22/07/2022 9:28,1,3, ,0.002,0.009,0.002
22/07/2022 9:29,1,3, ,0.003,0.012,0.003
22/07/2022 9:30,1,3, ,0.004,0.013,0.003
22/07/2022 9:31,1,3, ,0.013,0.01,0.002
22/07/2022 9:32,1,3, ,0.007,0.011,0.003
22/07/2022 9:33,1,3, ,0.002,0.009,0.002
22/07/2022 9:34,1,3, ,0.005,0.015,0.003
22/07/2022 9:35,1,3, ,0.006,0.013,0.003
22/07/2022 9:36,1,3, ,0.006,0.011,0.003
22/07/2022 9:37,1,3, ,0.001,0.008,0.002
22/07/2022 9:38,1,3, ,0.002,0.008,0.003
22/07/2022 9:39,1,3, ,0.005,0.013,0.002
22/07/2022 9:40,1,3, ,0.002,0.007,0.002
22/07/2022 9:41,1,3, ,0.002,0.013,0.002
22/07/2022 9:42,1,3, ,0.002,0.007,0.003
22/07/2022 9:43,1,3, ,0.004,0.01,0.003
22/07/2022 9:44,1,3, ,0.005,0.013,0.002
22/07/2022 9:45,1,3, ,0.006,0.009,0.002
22/07/2022 9:46,1,3, ,0.005,0.01,0.002
22/07/2022 9:47,1,3, ,0.008,0.015,0.003
22/07/2022 9:48,1,3, ,0.007,0.007,0.002
22/07/2022 9:49,1,3, ,0.011,0.01,0.003
22/07/2022 9:50,1,3, ,0.01,0.01,0.003
22/07/2022 9:51,1,3, ,0.011,0.008,0.003
22/07/2022 9:52,1,3, ,0.009,0.01,0.003
22/07/2022 9:53,1,3, ,0.011,0.011,0.002
22/07/2022 9:54,1,3, ,0.009,0.009,0.003
22/07/2022 9:55,1,3, ,0.008,0.013,0.003
22/07/2022 9:56,1,3, ,0.011,0.008,0.002
22/07/2022 9:57,1,3, ,0.012,0.012,0.002
22/07/2022 9:58,1,3, ,0.01,0.012,0.003
22/07/2022 9:59,1,3, ,0.015,0.018,0.003
22/07/2022 10:00,1,3, ,0.015,0.021,0.003
22/07/2022 10:01,1,3, ,0.013,0.013,0.003
22/07/2022 10:02,1,3, ,0.011,0.01,0.003
22/07/2022 10:03,1,3, ,0.009,0.013,0.002
22/07/2022 10:04,1,3, ,0.012,0.012,0.002
22/07/2022 10:05,1,3, ,0.011,0.013,0.003
22/07/2022 10:06,1,3, ,0.007,0.01,0.002
22/07/2022 10:07,1,3, ,0.009,0.009,0.002
22/07/2022 10:08,1,3, ,0.005,0.012,0.003
22/07/2022 10:09,1,3, ,0.006,0.008,0.002
22/07/2022 10:10,1,3, ,0.007,0.012,0.003
22/07/2022 10:11,1,3, ,0.011,0.009,0.003
22/07/2022 10:12,1,3, ,0.005,0.018,0.003
22/07/2022 10:13,1,3, ,0.006,0.011,0.002
22/07/2022 10:14,1,3, ,0.005,0.014,0.003
22/07/2022 10:15,1,3, ,0.009,0.012,0.003
22/07/2022 10:16,1,3, ,0.007,0.013,0.003
22/07/2022 10:17,1,3, ,0.003,0.039,0.003
22/07/2022 10:18,1,3, ,0.006,0.016,0.003
22/07/2022 10:19,1,3, ,0,0.009,0.002
22/07/2022 10:20,1,3, ,0.002,0.011,0.003
22/07/2022 10:21,1,3, ,0.005,0.013,0.003
22/07/2022 10:31,1,3, ,0.005, , 
22/07/2022 10:32,1,3, ,0.007,0.01,0.003
22/07/2022 10:33,1,3, ,0.015,0.009,0.003
22/07/2022 10:34,1,3, ,0.007,0.018,0.004
22/07/2022 10:35,1,3, ,0.013,0.049,0.004
22/07/2022 10:36,1,3, ,0.003,0.014,0.003
22/07/2022 10:37,1,3, ,0.012,0.012,0.003
22/07/2022 10:38,1,3, ,0.017,0.009,0.003
22/07/2022 10:39,1,3, ,0.012,0.011,0.003
22/07/2022 10:40,1,3, ,0.016,0.073,0.006
22/07/2022 10:41,1,3, ,0.015,0.05,0.004
22/07/2022 10:42,1,3, ,0.01,0.089,0.005
22/07/2022 10:43,1,3, ,0.011,0.042,0.005
22/07/2022 10:44,1,3, ,0.016,0.008,0.003
22/07/2022 10:45,1,3, ,0.008,0.01,0.003
22/07/2022 10:46,1,3, ,0.005,0.012,0.003
22/07/2022 10:47,1,3, ,0.015,0.011,0.003
22/07/2022 10:48,1,3, ,0.006,0.009,0.003
22/07/2022 10:49,1,3, ,0.011,0.011,0.003
22/07/2022 10:50,1,3, ,0.014,0.013,0.003
22/07/2022 10:51,1,3, ,0.002,0.015,0.003
22/07/2022 10:52,1,3, ,0.018,0.014,0.003
22/07/2022 10:53,1,3, ,0.008,0.011,0.003
22/07/2022 10:54,1,3, ,0.008,0.017,0.003
22/07/2022 10:55,1,3, ,0,0.016,0.003
22/07/2022 10:56,1,3, ,0.008,0.015,0.003
22/07/2022 10:57,1,3, ,0,0.012,0.003
22/07/2022 10:58,1,3, ,0.008,0.01,0.003
22/07/2022 10:59,1,3, ,0,0.011,0.003
22/07/2022 11:00,1,3, ,0,0.009,0.002
22/07/2022 11:01,1,3, ,0.009,0.008,0.002
22/07/2022 11:02,1,3, ,0.01,0.011,0.003
22/07/2022 11:03,1,3, ,0,0.006,0.002
22/07/2022 11:04,1,3, ,0,0.006,0.002
22/07/2022 11:05,1,3, ,0.01,0.009,0.002
22/07/2022 11:06,1,3, ,0,0.008,0.002
22/07/2022 11:07,1,3, ,0,0.01,0.003
22/07/2022 11:08,1,3, ,0,0.008,0.002
22/07/2022 11:09,1,3, ,0,0.015,0.003
22/07/2022 11:10,1,3, ,0,0.01,0.002
22/07/2022 11:11,1,3, ,0.002,0.022,0.003
22/07/2022 11:12,1,3, ,0.001,0.006,0.002
22/07/2022 11:13,1,3, ,0,0.011,0.002
22/07/2022 11:14,1,3, ,0.002,0.01,0.002
22/07/2022 11:15,1,3, ,0,0.01,0.002
22/07/2022 11:16,1,3, ,0,0.015,0.003
22/07/2022 11:17,1,3, ,0,0.009,0.003
22/07/2022 11:18,1,3, ,0,0.014,0.003
22/07/2022 11:19,1,3, ,0.006,0.012,0.002
22/07/2022 11:20,1,3, ,0,0.009,0.002
22/07/2022 11:21,1,3, ,0.006,0.007,0.002
22/07/2022 11:22,1,3, ,0.002,0.011,0.003
22/07/2022 11:23,1,3, ,0.021,0.009,0.002
22/07/2022 11:24,1,3, ,0,0.016,0.003
22/07/2022 11:25,1,3, ,0.004,0.014,0.002
22/07/2022 11:26,1,3, ,0.008,0.013,0.003
22/07/2022 11:27,1,3, ,0,0.008,0.002
22/07/2022 11:28,1,3, ,0,0.012,0.002
22/07/2022 11:29,1,3, ,0,0.009,0.002
22/07/2022 11:30,1,3, ,0.003,0.008,0.003
22/07/2022 11:31,1,3, ,0,0.009,0.002
22/07/2022 11:32,1,3, ,0,0.009,0.002
22/07/2022 11:33,1,3, ,0.008,0.017,0.002
22/07/2022 11:34,1,3, ,0,0.011,0.002
22/07/2022 11:35,1,3, ,0,0.013,0.003
22/07/2022 11:36,1,3, ,0,0.01,0.002
22/07/2022 11:37,1,3, ,0,0.011,0.003
22/07/2022 11:38,1,3, ,0,0.012,0.002
22/07/2022 11:39,1,3, ,0,0.011,0.002
22/07/2022 11:40,1,3, ,0,0.007,0.002
22/07/2022 11:41,1,3, ,0,0.007,0.002
22/07/2022 11:42,1,3, ,0,0.024,0.003
22/07/2022 11:43,1,3, ,0,0.009,0.002
22/07/2022 11:44,1,3, ,0,0.013,0.002
22/07/2022 11:45,1,3, ,0.009,0.011,0.002
22/07/2022 11:46,1,3, ,0.002,0.009,0.003
22/07/2022 11:47,1,3, ,0.002,0.01,0.002
22/07/2022 11:48,1,3, ,0,0.011,0.002
22/07/2022 11:49,1,3, ,0.008,0.007,0.002
22/07/2022 11:50,1,3, ,0,0.007,0.003
22/07/2022 11:51,1,3, ,0,0.007,0.002
22/07/2022 11:52,1,3, ,0,0.089,0.004
22/07/2022 11:53,1,3, ,0,0.01,0.002
22/07/2022 11:54,1,3, ,0,0.01,0.003
22/07/2022 11:55,1,3, ,0,0.011,0.003
22/07/2022 11:56,1,3, ,0.006,0.009,0.002
22/07/2022 11:57,1,3, ,0.018,0.011,0.003
22/07/2022 11:58,1,3, ,0,0.008,0.003
22/07/2022 11:59,1,3, ,0.002,0.01,0.003
22/07/2022 12:00,1,3, ,0.005,0.018,0.003
22/07/2022 12:01,1,3, ,0.005,0.007,0.002
22/07/2022 12:02,1,3, ,0.008,0.009,0.003
22/07/2022 12:03,1,3, ,0,0.006,0.003
22/07/2022 12:04,1,3, ,0.003,0.011,0.003
22/07/2022 12:05,1,3, ,0,0.015,0.003
22/07/2022 12:06,1,3, ,0,0.008,0.002
22/07/2022 12:07,1,3, ,0.009,0.014,0.003
22/07/2022 12:08,1,3, ,0,0.01,0.002
22/07/2022 12:09,1,3, ,0,0.03,0.003
22/07/2022 12:10,1,3, ,0,0.007,0.002
22/07/2022 12:11,1,3, ,0,0.012,0.003
22/07/2022 12:12,1,3, ,0,0.008,0.003
22/07/2022 12:13,1,3, ,0,0.01,0.002
22/07/2022 12:14,1,3, ,0,0.01,0.003
22/07/2022 12:15,1,3, ,0,0.012,0.003
22/07/2022 12:16,1,3, ,0,0.024,0.003
22/07/2022 12:17,1,3, ,0,0.009,0.002
22/07/2022 12:18,1,3, ,0,0.011,0.002
22/07/2022 12:19,1,3, ,0,0.007,0.002
22/07/2022 12:20,1,3, ,0,0.008,0.002
22/07/2022 12:21,1,3, ,0,0.013,0.003
22/07/2022 12:22,1,3, ,0,0.014,0.003
22/07/2022 12:23,1,3, ,0,0.009,0.002
22/07/2022 12:24,1,3, ,0,0.007,0.002
22/07/2022 12:25,1,3, ,0,0.01,0.003
22/07/2022 12:26,1,3, ,0,0.007,0.002
22/07/2022 12:27,1,3, ,0,0.007,0.002
22/07/2022 12:28,1,3, ,0,0.021,0.003
22/07/2022 12:29,1,3, ,0,0.012,0.002
22/07/2022 12:30,1,3, ,0,0.01,0.002
22/07/2022 12:31,1,3, ,0,0.084,0.005
22/07/2022 12:32,1,3, ,0,0.009,0.002
22/07/2022 12:33,1,3, ,0.012,0.013,0.002
22/07/2022 12:34,1,3, ,0,0.011,0.002
22/07/2022 12:35,1,3, ,0.003,0.008,0.002
22/07/2022 12:36,1,3, ,0,0.098,0.006
22/07/2022 12:37,1,3, , ,0.032,0.003
22/07/2022 13:39,1,3, ,0,0.031,0.003
22/07/2022 13:40,1,3, ,0,0.009,0.002
22/07/2022 13:41,1,3, ,0,0.007,0.002
22/07/2022 13:42,1,3, ,0,0.036,0.003
22/07/2022 13:43,1,3, ,0,0.064,0.004
22/07/2022 13:44,1,3, ,0,0.083,0.005
22/07/2022 13:45,1,3, ,0,0.065,0.006
22/07/2022 13:46,1,3, ,0,0.039,0.003
22/07/2022 13:47,1,3, ,0,0.018,0.002
22/07/2022 13:48,1,3, ,0,0.011,0.002
22/07/2022 13:49,1,3, ,0,0.007,0.002
22/07/2022 13:50,1,3, ,0,0.008,0.002
22/07/2022 13:51,1,3, ,0,0.016,0.002
22/07/2022 13:52,1,3, ,0,0.01,0.001
22/07/2022 13:53,1,3, ,0,0.009,0.002
22/07/2022 13:54,1,3, ,0.001,0.005,0.001
22/07/2022 13:55,1,3, ,0,0.009,0.002
22/07/2022 13:56,1,3, ,0,0.007,0.002
22/07/2022 13:57,1,3, ,0,0.011,0.002
22/07/2022 13:58,1,3, ,0,0.004,0.002
22/07/2022 13:59,1,3, ,0.001,0.007,0.002
22/07/2022 14:00,1,3, ,0,0.011,0.002
22/07/2022 14:01,1,3, ,0,0.008,0.002
22/07/2022 14:02,1,3, ,0,0.01,0.002
22/07/2022 14:03,1,3, ,0,0.042,0.002
22/07/2022 14:04,1,3, ,0.004,0.008,0.002
22/07/2022 14:05,1,3, ,0.007,0.004,0.002
22/07/2022 14:06,1,3, ,0.003,0.008,0.002
22/07/2022 14:07,1,3, ,0,0.008,0.002
22/07/2022 14:08,1,3, ,0,0.009,0.002
22/07/2022 14:09,1,3, ,0,0.007,0.002
22/07/2022 14:10,1,3, ,0,0.01,0.002
22/07/2022 14:11,1,3, ,0.006,0.006,0.002
22/07/2022 14:12,1,3, ,0,0.008,0.002
22/07/2022 14:13,1,3, ,0,0.006,0.001
22/07/2022 14:14,1,3, ,0,0.007,0.002
22/07/2022 14:15,1,3, ,0.003,0.015,0.002
22/07/2022 14:16,1,3, ,0,0.004,0.001
22/07/2022 14:17,1,3, ,0,0.008,0.002
22/07/2022 14:18,1,3, ,0.002,0.006,0.002
22/07/2022 14:19,1,3, ,0.006,0.017,0.002
22/07/2022 14:20,1,3, ,0.001,0.019,0.002
22/07/2022 14:21,1,3, ,0,0.006,0.002
22/07/2022 14:22,1,3, ,0.001,0.01,0.002
22/07/2022 14:23,1,3, ,0,0.009,0.002
22/07/2022 14:24,1,3, ,0.006,0.006,0.002
22/07/2022 14:25,1,3, ,0,0.007,0.002
22/07/2022 14:26,1,3, ,0,0.01,0.002
22/07/2022 14:27,1,3, ,0.01,0.012,0.002
22/07/2022 14:28,1,3, ,0.002,0.01,0.002
22/07/2022 14:29,1,3, ,0.003,0.012,0.002
22/07/2022 14:30,1,3, ,0.002,0.028,0.002
22/07/2022 14:31,1,3, ,0.003,0.006,0.002
22/07/2022 14:32,1,3, ,0.004,0.009,0.002
22/07/2022 14:33,1,3, ,0.011,0.01,0.002
22/07/2022 14:34,1,3, ,0.013,0.005,0.002
22/07/2022 14:35,1,3, ,0.005,0.008,0.002
22/07/2022 14:36,1,3, ,0.006,0.008,0.002
22/07/2022 14:37,1,3, ,0.007,0.008,0.002
22/07/2022 14:38,1,3, ,0.01,0.211,0.01
22/07/2022 14:39,1,3, ,0.014,0.04,0.003
22/07/2022 14:40,1,3, ,0.011,0.021,0.002
22/07/2022 14:41,1,3, ,0.006,0.005,0.002
22/07/2022 14:42,1,3, ,0.008,0.01,0.002
22/07/2022 14:43,1,3, ,0.011,0.011,0.002
22/07/2022 14:44,1,3, ,0.01,0.006,0.001
22/07/2022 14:45,1,3, ,0.001,0.008,0.002
22/07/2022 14:46,1,3, ,0.007,0.004,0.001
22/07/2022 14:47,1,3, ,0.002,0.017,0.002
22/07/2022 14:48,1,3, ,0.004,0.011,0.002
22/07/2022 14:49,1,3, ,0.002,0.006,0.002
22/07/2022 14:50,1,3, ,0.008,0.016,0.002
22/07/2022 14:51,1,3, ,0.012,0.007,0.002
22/07/2022 14:52,1,3, ,0.008,0.008,0.002
22/07/2022 14:53,1,3, ,0.009,0.009,0.002
22/07/2022 14:54,1,3, ,0.006,0.008,0.002
22/07/2022 14:55,1,3, ,0.004,0.011,0.002
22/07/2022 14:56,1,3, ,0.005,0.011,0.002
22/07/2022 14:57,1,3, ,0.005,0.006,0.002
22/07/2022 14:58,1,3, ,0.008,0.008,0.002
22/07/2022 14:59,1,3, ,0.004,0.005,0.002
22/07/2022 15:00,1,3, ,0.005,0.005,0.001
22/07/2022 15:01,1,3, ,0.002,0.006,0.001
22/07/2022 15:02,1,3, ,0.007,0.01,0.002
22/07/2022 15:03,1,3, ,0.005,0.011,0.002
22/07/2022 15:04,1,3, ,0.006,0.008,0.002
22/07/2022 15:05,1,3, ,0.005,0.01,0.002
22/07/2022 15:06,1,3, ,0.002,0.007,0.002
22/07/2022 15:07,1,3, ,0.006,0.006,0.002
22/07/2022 15:08,1,3, ,0.004,0.009,0.002
22/07/2022 15:09,1,3, ,0.007,0.008,0.002
22/07/2022 15:10,1,3, ,0.002,0.005,0.001
22/07/2022 15:11,1,3, ,0.011,0.007,0.002
22/07/2022 15:12,1,3, ,0.01,0.011,0.003
22/07/2022 15:13,1,3, ,0.003,0.009,0.002
22/07/2022 15:14,1,3, ,0.009,0.009,0.002
22/07/2022 15:15,1,3, ,0.002,0.008,0.002
22/07/2022 15:16,1,3, ,0.005,0.01,0.003
22/07/2022 15:17,1,3, ,0.004,0.009,0.002
22/07/2022 15:18,1,3, ,0.007,0.007,0.002
22/07/2022 15:19,1,3, ,0.007,0.006,0.002
22/07/2022 15:20,1,3, ,0.003,0.005,0.002
22/07/2022 15:21,1,3, ,0.006,0.005,0.002
22/07/2022 15:22,1,3, ,0.007,0.009,0.003
22/07/2022 15:23,1,3, ,0.009,0.006,0.002
22/07/2022 15:24,1,3, ,0.005,0.008,0.002
22/07/2022 15:25,1,3, ,0.004,0.005,0.002
22/07/2022 15:26,1,3, ,0.008,0.007,0.002
22/07/2022 15:27,1,3, ,0.011,0.007,0.002
22/07/2022 15:28,1,3, ,0.012,0.008,0.002
22/07/2022 15:29,1,3, ,0.012,0.005,0.002
22/07/2022 15:30,1,3, ,0.012,0.009,0.002
22/07/2022 15:31,1,3, ,0.013,0.007,0.002
22/07/2022 15:32,1,3, ,0.011,0.005,0.002
22/07/2022 15:33,1,3, ,0.012,0.01,0.002
22/07/2022 15:34,1,3, ,0.006,0.017,0.002
22/07/2022 15:35,1,3, ,0.006,0.009,0.002
22/07/2022 15:36,1,3, ,0.011,0.007,0.002
22/07/2022 15:37,1,3, ,0.01,0.006,0.002
22/07/2022 15:38,1,3, ,0.011,0.007,0.002
22/07/2022 15:39,1,3, ,0.009,0.009,0.002
22/07/2022 15:40,1,3, ,0.009,0.011,0.002
22/07/2022 15:41,1,3, ,0.013,0.005,0.002
22/07/2022 15:42,1,3, ,0.013,0.01,0.003
22/07/2022 15:43,1,3, ,0.017,0.008,0.002
22/07/2022 15:59,1,3, ,0.005,0.018,0.003
22/07/2022 16:00,1,3, ,0.013,0.031,0.003
22/07/2022 16:01,1,3, ,0.018,0.008,0.002
22/07/2022 16:02,1,3, ,0.015,0.008,0.002
22/07/2022 16:03,1,3, ,0.021,0.011,0.002
22/07/2022 16:04,1,3, ,0.024,0.009,0.002
22/07/2022 16:05,1,3, ,0.012,0.008,0.002
22/07/2022 16:06,1,3, ,0.012,0.012,0.002
22/07/2022 16:07,1,3, ,0.023,0.012,0.002
22/07/2022 16:08,1,3, ,0.023,0.006,0.002
22/07/2022 16:09,1,3, ,0,0.022,0.002
22/07/2022 16:10,1,3, ,0.009,0.01,0.002
22/07/2022 16:11,1,3, ,0.009,0.016,0.002
22/07/2022 16:12,1,3, ,0.008,0.01,0.002
22/07/2022 16:13,1,3, ,0.015,0.009,0.002
22/07/2022 16:14,1,3, ,0.01,0.012,0.002
22/07/2022 16:15,1,3, ,0.013,0.008,0.002
22/07/2022 16:16,1,3, ,0.004,0.009,0.002
22/07/2022 16:17,1,3, ,0.011,0.017,0.002
22/07/2022 16:18,1,3, ,0.004,0.009,0.002
22/07/2022 16:19,1,3, ,0.01,0.019,0.003
22/07/2022 16:20,1,3, ,0.002,0.007,0.002
22/07/2022 16:21,1,3, ,0.01,0.01,0.002
22/07/2022 16:22,1,3, ,0.005,0.009,0.003
22/07/2022 16:23,1,3, ,0.01,0.008,0.002
22/07/2022 16:24,1,3, ,0.008,0.008,0.002
22/07/2022 16:25,1,3, ,0.008,0.014,0.003
22/07/2022 16:26,1,3, ,0.019,0.011,0.002
22/07/2022 16:27,1,3, ,0.005,0.008,0.003
22/07/2022 16:28,1,3, ,0.007,0.01,0.002
22/07/2022 16:29,1,3, ,0.01,0.018,0.002
22/07/2022 16:30,1,3, ,0.009,0.007,0.002
22/07/2022 16:31,1,3, ,0.013,0.011,0.002
22/07/2022 16:32,1,3, ,0.004,0.007,0.002
22/07/2022 16:33,1,3, ,0.01,0.009,0.002
22/07/2022 16:34,1,3, ,0.011,0.007,0.002
22/07/2022 16:35,1,3, ,0.007,0.006,0.002
22/07/2022 16:36,1,3, ,0.013,0.01,0.002
22/07/2022 16:37,1,3, ,0.001,0.036,0.003
22/07/2022 16:38,1,3, ,0.01,0.01,0.002
22/07/2022 16:39,1,3, ,0.002,0.007,0.002
22/07/2022 16:40,1,3, ,0.01,0.008,0.002
22/07/2022 16:41,1,3, ,0.001,0.008,0.002
22/07/2022 16:42,1,3, ,0.013,0.015,0.002
22/07/2022 16:43,1,3, ,0.004,0.008,0.002
22/07/2022 16:44,1,3, ,0.004,0.007,0.002
22/07/2022 16:45,1,3, ,0.006,0.006,0.002
22/07/2022 16:46,1,3, ,0.002,0.006,0.002
22/07/2022 16:47,1,3, ,0.006,0.007,0.002
22/07/2022 16:48,1,3, ,0.003,0.014,0.002
22/07/2022 16:49,1,3, ,0.009,0.01,0.002
22/07/2022 16:50,1,3, ,0.007,0.01,0.002
22/07/2022 16:51,1,3, ,0.006,0.008,0.002
22/07/2022 16:52,1,3, ,0.003,0.011,0.002
22/07/2022 16:53,1,3, ,0.003,0.007,0.002
22/07/2022 16:54,1,3, ,0.004,0.009,0.003
22/07/2022 16:55,1,3, ,0,0.011,0.002
22/07/2022 16:56,1,3, ,0.005,0.007,0.002
22/07/2022 16:57,1,3, ,0.006,0.006,0.002
22/07/2022 16:58,1,3, ,0.006,0.009,0.002
22/07/2022 16:59,1,3, ,0.008,0.006,0.002
22/07/2022 17:00,1,3, ,0.013,0.011,0.002
22/07/2022 17:01,1,3, ,0.005,0.021,0.002
22/07/2022 17:02,1,3, ,0.012,0.012,0.002
22/07/2022 17:03,1,3, ,0.011,0.007,0.002
22/07/2022 17:04,1,3, ,0.003,0.007,0.002
22/07/2022 17:05,1,3, ,0.005,0.01,0.002
22/07/2022 17:06,1,3, ,0.008,0.005,0.002
22/07/2022 17:07,1,3, ,0.005,0.008,0.001
22/07/2022 17:08,1,3, ,0,0.008,0.002
22/07/2022 17:09,1,3, ,0.002,0.007,0.002
22/07/2022 17:10,1,3, ,0,0.008,0.004
22/07/2022 17:11,1,3, ,0,0.006,0.002
22/07/2022 17:12,1,3, ,0.004,0.01,0.002
22/07/2022 17:13,1,3, ,0.002,0.014,0.002
22/07/2022 17:14,1,3, ,0,0.007,0.002
22/07/2022 17:15,1,3, ,0,0.015,0.002
22/07/2022 17:16,1,3, ,0,0.007,0.002
22/07/2022 17:17,1,3, ,0,0.008,0.002
22/07/2022 17:18,1,3, ,0,0.01,0.002
22/07/2022 17:19,1,3, ,0,0.008,0.002
22/07/2022 17:20,1,3, ,0,0.011,0.002
22/07/2022 17:21,1,3, ,0,0.007,0.002
22/07/2022 17:22,1,3, ,0,0.007,0.002
22/07/2022 17:23,1,3, ,0,0.008,0.002
22/07/2022 17:24,1,3, ,0,0.008,0.002
22/07/2022 17:25,1,3, ,0,0.046,0.003
22/07/2022 17:26,1,3, ,0,0.008,0.002
22/07/2022 17:27,1,3, ,0,0.008,0.002
22/07/2022 17:28,1,3, ,0,0.014,0.002
22/07/2022 17:29,1,3, ,0,0.01,0.002
22/07/2022 17:30,1,3, ,0,0.007,0.002
22/07/2022 17:31,1,3, ,0,0.005,0.001
22/07/2022 17:32,1,3, ,0,0.006,0.002
22/07/2022 17:33,1,3, ,0,0.014,0.002
22/07/2022 17:34,1,3, ,0,0.009,0.002
22/07/2022 17:35,1,3, ,0,0.007,0.002
22/07/2022 17:36,1,3, ,0,0.007,0.002
22/07/2022 17:37,1,3, ,0,0.007,0.002
22/07/2022 17:38,1,3, ,0,0.035,0.004
22/07/2022 17:39,1,3, ,0,0.01,0.002
22/07/2022 17:40,1,3, ,0,0.008,0.002
22/07/2022 17:41,1,3, ,0,0.017,0.002
22/07/2022 17:42,1,3, ,0,0.005,0.001
22/07/2022 17:43,1,3, ,0,0.006,0.002
22/07/2022 17:44,1,3, ,0,0.009,0.002
22/07/2022 17:45,1,3, ,0,0.006,0.002
22/07/2022 17:46,1,3, ,0,0.005,0.002
22/07/2022 17:47,1,3, ,0,0.008,0.002
22/07/2022 17:48,1,3, ,0,0.007,0.002
22/07/2022 17:49,1,3, ,0,0.013,0.002
22/07/2022 17:50,1,3, ,0,0.005,0.002
22/07/2022 17:51,1,3, ,0,0.007,0.002
22/07/2022 17:52,1,3, ,0,0.008,0.002
22/07/2022 17:53,1,3, ,0,0.005,0.002
22/07/2022 17:54,1,3, ,0,0.007,0.002
22/07/2022 17:55,1,3, ,0.002,0.009,0.002
22/07/2022 17:56,1,3, ,0,0.009,0.002
22/07/2022 17:57,1,3, ,0.004,0.005,0.002
22/07/2022 17:58,1,3, ,0.004,0.008,0.002
22/07/2022 17:59,1,3, ,0.007,0.044,0.003
22/07/2022 18:00,1,3, ,0.008,0.007,0.002
22/07/2022 18:01,1,3, ,0.009,0.039,0.002
22/07/2022 18:02,1,3, ,0.011,0.006,0.002
22/07/2022 18:03,1,3, ,0.01,0.005,0.002
22/07/2022 18:04,1,3, ,0.014,0.008,0.002